{
	"credit": "Made with Blockbench",
	"textures": {
		"1": "./fronts/front_itt",
		"3": "./back",
		"particle": "./back"
	},
	"elements": [
		{
			"from": [2, 0, 8],
			"to": [14, 16, 8],
			"faces": {
				"north": {"uv": [3, 0, 13, 16], "texture": "#3"},
				"east": {"uv": [0, 0, 1, 1], "texture": "#missing"},
				"south": {"uv": [1.5, 0, 14, 16], "texture": "#1"},
				"west": {"uv": [0, 0, 1, 1], "texture": "#missing"},
				"up": {"uv": [0, 0, 1, 1], "texture": "#missing"},
				"down": {"uv": [0, 0, 1, 1], "texture": "#missing"}
			}
		}
	],
	"display": {
		"thirdperson_righthand": {
			"rotation": [53, -8, 5],
			"translation": [0, 1.25, 2.25],
			"scale": [0.34, 0.34, 0.34]
		},
		"thirdperson_lefthand": {
			"rotation": [53, -8, 5],
			"translation": [0, 1.25, 2.25],
			"scale": [0.34, 0.34, 0.34]
		},
		"firstperson_righthand": {
			"rotation": [0, 180, 0],
			"translation": [-1.5, 3.5, 1.25],
			"scale": [0.48, 0.48, 0.48]
		},
		"firstperson_lefthand": {
			"translation": [-9, 8.25, 1.25],
			"scale": [0.48, 0.48, 0.48]
		},
		"ground": {
			"rotation": [90, 0, 0],
			"translation": [80, 1, 0],
			"scale": [0.94, 0.94, 0.94]
		},
		"gui": {
			"rotation": [19, 180, 27],
			"scale": [0.65, 0.65, 0.65]
		},
		"head": {
			"rotation": [50, 20, 41],
			"translation": [-2, -2, -8.75],
			"scale": [0.52, 0.52, 0.52]
		},
		"fixed": {
			"rotation": [0, 180, 0]
		}
	}
}