{
	"credit": "Made with Blockbench",
	"texture_size": [32, 32],
	"textures": {
		"0": "./textures/box",
		"particle": "./textures/box"
	},
	"elements": [
		{
			"from": [2, 0, 0],
			"to": [14, 6, 16],
			"faces": {
				"north": {"uv": [0, 11, 6, 14], "texture": "#0"},
				"east": {"uv": [0, 8, 8, 11], "texture": "#0"},
				"south": {"uv": [6, 11, 12, 14], "texture": "#0"},
				"west": {"uv": [8, 8, 16, 11], "texture": "#0"},
				"up": {"uv": [6, 8, 0, 0], "texture": "#0"},
				"down": {"uv": [12, 0, 6, 8], "texture": "#0"}
			}
		}
	],
	"display": {
		"thirdperson_righthand": {
			"rotation": [80, 88, 11],
			"translation": [0, 2.75, 2.5],
			"scale": [0.43, 0.43, 0.43]
		},
		"thirdperson_lefthand": {
			"rotation": [80, 88, 11],
			"translation": [0, 2.75, 2.5],
			"scale": [0.43, 0.43, 0.43]
		},
		"firstperson_righthand": {
			"rotation": [35, 90, 0],
			"translation": [-1.5, 4.25, 1.25],
			"scale": [0.48, 0.48, 0.48]
		},
		"firstperson_lefthand": {
			"rotation": [90, -90, 0],
			"translation": [-9, 8.25, 1.25],
			"scale": [1.45, 1.45, 1.45]
		},
		"ground": {
			"rotation": [-6, 0, 18],
			"translation": [2.25, 7.25, 0],
			"scale": [0.94, 0.94, 0.94]
		},
		"gui": {
			"rotation": [19, 116, 27],
			"scale": [0.65, 0.65, 0.65]
		},
		"head": {
			"rotation": [0, -90, 0],
			"translation": [0, 14.25, 0],
			"scale": [0.9, 0.9, 0.9]
		},
		"fixed": {
			"rotation": [-90, 180, 0],
			"translation": [0, 0, -8]
		}
	}
}