{
	"credit": "Made with Blockbench",
	"textures": {
		"1": "./textures/front",
		"3": "./textures/back",
		"particle": "./textures/back"
	},
	"elements": [
		{
			"from": [1.4, 1.75, 0.4],
			"to": [13.6, 1.95, 16.6],
			"rotation": {"angle": -22.5, "axis": "y", "origin": [8, 8, 8]},
			"faces": {
				"north": {"uv": [0, 0, 1, 1], "rotation": 180, "texture": "#1"},
				"east": {"uv": [0, 0, 1, 1], "rotation": 270, "texture": "#1"},
				"south": {"uv": [0, 0, 1, 1], "texture": "#1"},
				"west": {"uv": [0, 0, 1, 1], "rotation": 90, "texture": "#1"},
				"up": {"uv": [3, 0, 13, 16], "rotation": 180, "texture": "#3"},
				"down": {"uv": [1.5, 0, 14, 16], "texture": "#1"}
			}
		},
		{
			"from": [1.9, 0, -0.1],
			"to": [14.1, 0.2, 16.1],
			"rotation": {"angle": -22.5, "axis": "y", "origin": [8, 8, 8]},
			"faces": {
				"north": {"uv": [0, 0, 1, 1], "rotation": 180, "texture": "#1"},
				"east": {"uv": [0, 0, 1, 1], "rotation": 270, "texture": "#1"},
				"south": {"uv": [0, 0, 1, 1], "texture": "#1"},
				"west": {"uv": [0, 0, 1, 1], "rotation": 90, "texture": "#1"},
				"up": {"uv": [3, 0, 13, 16], "rotation": 180, "texture": "#3"},
				"down": {"uv": [1.5, 0, 14, 16], "texture": "#1"}
			}
		},
		{
			"from": [1.9, 0.25, 0.9],
			"to": [14.1, 0.45, 17.1],
			"rotation": {"angle": 0, "axis": "y", "origin": [8, 8, 8]},
			"faces": {
				"north": {"uv": [0, 0, 1, 1], "rotation": 180, "texture": "#1"},
				"east": {"uv": [0, 0, 1, 1], "rotation": 270, "texture": "#1"},
				"south": {"uv": [0, 0, 1, 1], "texture": "#1"},
				"west": {"uv": [0, 0, 1, 1], "rotation": 90, "texture": "#1"},
				"up": {"uv": [3, 0, 13, 16], "rotation": 180, "texture": "#3"},
				"down": {"uv": [1.5, 0, 14, 16], "texture": "#1"}
			}
		},
		{
			"from": [1.15, 0.5, 0.9],
			"to": [13.35, 0.7, 17.1],
			"rotation": {"angle": 0, "axis": "y", "origin": [8, 8, 8]},
			"faces": {
				"north": {"uv": [0, 0, 1, 1], "rotation": 180, "texture": "#1"},
				"east": {"uv": [0, 0, 1, 1], "rotation": 270, "texture": "#1"},
				"south": {"uv": [0, 0, 1, 1], "texture": "#1"},
				"west": {"uv": [0, 0, 1, 1], "rotation": 90, "texture": "#1"},
				"up": {"uv": [3, 0, 13, 16], "rotation": 180, "texture": "#3"},
				"down": {"uv": [1.5, 0, 14, 16], "texture": "#1"}
			}
		},
		{
			"from": [1.9, 0.75, 0.9],
			"to": [14.1, 0.95, 17.1],
			"rotation": {"angle": 0, "axis": "y", "origin": [8, 8, 8]},
			"faces": {
				"north": {"uv": [0, 0, 1, 1], "rotation": 180, "texture": "#1"},
				"east": {"uv": [0, 0, 1, 1], "rotation": 270, "texture": "#1"},
				"south": {"uv": [0, 0, 1, 1], "texture": "#1"},
				"west": {"uv": [0, 0, 1, 1], "rotation": 90, "texture": "#1"},
				"up": {"uv": [3, 0, 13, 16], "rotation": 180, "texture": "#3"},
				"down": {"uv": [1.5, 0, 14, 16], "texture": "#1"}
			}
		},
		{
			"from": [0.65, 1.25, 0.9],
			"to": [12.85, 1.45, 17.1],
			"rotation": {"angle": -22.5, "axis": "y", "origin": [8, 8, 8]},
			"faces": {
				"north": {"uv": [0, 0, 1, 1], "rotation": 180, "texture": "#1"},
				"east": {"uv": [0, 0, 1, 1], "rotation": 270, "texture": "#1"},
				"south": {"uv": [0, 0, 1, 1], "texture": "#1"},
				"west": {"uv": [0, 0, 1, 1], "rotation": 90, "texture": "#1"},
				"up": {"uv": [3, 0, 13, 16], "rotation": 180, "texture": "#3"},
				"down": {"uv": [1.5, 0, 14, 16], "texture": "#1"}
			}
		},
		{
			"from": [1.15, 2, -0.35],
			"to": [13.35, 2.2, 15.85],
			"rotation": {"angle": 22.5, "axis": "y", "origin": [8, 8, 8]},
			"faces": {
				"north": {"uv": [0, 0, 1, 1], "rotation": 180, "texture": "#1"},
				"east": {"uv": [0, 0, 1, 1], "rotation": 270, "texture": "#1"},
				"south": {"uv": [0, 0, 1, 1], "texture": "#1"},
				"west": {"uv": [0, 0, 1, 1], "rotation": 90, "texture": "#1"},
				"up": {"uv": [3, 0, 13, 16], "rotation": 180, "texture": "#3"},
				"down": {"uv": [1.5, 0, 14, 16], "texture": "#1"}
			}
		},
		{
			"from": [1.4, 4.25, 0.4],
			"to": [13.6, 4.45, 16.6],
			"rotation": {"angle": -45, "axis": "y", "origin": [8, 10.5, 8]},
			"faces": {
				"north": {"uv": [0, 0, 1, 1], "rotation": 180, "texture": "#1"},
				"east": {"uv": [0, 0, 1, 1], "rotation": 270, "texture": "#1"},
				"south": {"uv": [0, 0, 1, 1], "texture": "#1"},
				"west": {"uv": [0, 0, 1, 1], "rotation": 90, "texture": "#1"},
				"up": {"uv": [3, 0, 13, 16], "rotation": 180, "texture": "#3"},
				"down": {"uv": [1.5, 0, 14, 16], "texture": "#1"}
			}
		},
		{
			"from": [1.9, 2.5, -0.1],
			"to": [14.1, 2.7, 16.1],
			"rotation": {"angle": -45, "axis": "y", "origin": [8, 10.5, 8]},
			"faces": {
				"north": {"uv": [0, 0, 1, 1], "rotation": 180, "texture": "#1"},
				"east": {"uv": [0, 0, 1, 1], "rotation": 270, "texture": "#1"},
				"south": {"uv": [0, 0, 1, 1], "texture": "#1"},
				"west": {"uv": [0, 0, 1, 1], "rotation": 90, "texture": "#1"},
				"up": {"uv": [3, 0, 13, 16], "rotation": 180, "texture": "#3"},
				"down": {"uv": [1.5, 0, 14, 16], "texture": "#1"}
			}
		},
		{
			"from": [1.9, 2.75, 0.9],
			"to": [14.1, 2.95, 17.1],
			"rotation": {"angle": -22.5, "axis": "y", "origin": [8, 10.5, 8]},
			"faces": {
				"north": {"uv": [0, 0, 1, 1], "rotation": 180, "texture": "#1"},
				"east": {"uv": [0, 0, 1, 1], "rotation": 270, "texture": "#1"},
				"south": {"uv": [0, 0, 1, 1], "texture": "#1"},
				"west": {"uv": [0, 0, 1, 1], "rotation": 90, "texture": "#1"},
				"up": {"uv": [3, 0, 13, 16], "rotation": 180, "texture": "#3"},
				"down": {"uv": [1.5, 0, 14, 16], "texture": "#1"}
			}
		},
		{
			"from": [1.15, 3, 0.9],
			"to": [13.35, 3.2, 17.1],
			"rotation": {"angle": -22.5, "axis": "y", "origin": [8, 10.5, 8]},
			"faces": {
				"north": {"uv": [0, 0, 1, 1], "rotation": 180, "texture": "#1"},
				"east": {"uv": [0, 0, 1, 1], "rotation": 270, "texture": "#1"},
				"south": {"uv": [0, 0, 1, 1], "texture": "#1"},
				"west": {"uv": [0, 0, 1, 1], "rotation": 90, "texture": "#1"},
				"up": {"uv": [3, 0, 13, 16], "rotation": 180, "texture": "#3"},
				"down": {"uv": [1.5, 0, 14, 16], "texture": "#1"}
			}
		},
		{
			"from": [1.9, 3.25, 0.9],
			"to": [14.1, 3.45, 17.1],
			"rotation": {"angle": -22.5, "axis": "y", "origin": [8, 10.5, 8]},
			"faces": {
				"north": {"uv": [0, 0, 1, 1], "rotation": 180, "texture": "#1"},
				"east": {"uv": [0, 0, 1, 1], "rotation": 270, "texture": "#1"},
				"south": {"uv": [0, 0, 1, 1], "texture": "#1"},
				"west": {"uv": [0, 0, 1, 1], "rotation": 90, "texture": "#1"},
				"up": {"uv": [3, 0, 13, 16], "rotation": 180, "texture": "#3"},
				"down": {"uv": [1.5, 0, 14, 16], "texture": "#1"}
			}
		},
		{
			"from": [0.65, 3.75, 0.9],
			"to": [12.85, 3.95, 17.1],
			"rotation": {"angle": -45, "axis": "y", "origin": [8, 10.5, 8]},
			"faces": {
				"north": {"uv": [0, 0, 1, 1], "rotation": 180, "texture": "#1"},
				"east": {"uv": [0, 0, 1, 1], "rotation": 270, "texture": "#1"},
				"south": {"uv": [0, 0, 1, 1], "texture": "#1"},
				"west": {"uv": [0, 0, 1, 1], "rotation": 90, "texture": "#1"},
				"up": {"uv": [3, 0, 13, 16], "rotation": 180, "texture": "#3"},
				"down": {"uv": [1.5, 0, 14, 16], "texture": "#1"}
			}
		},
		{
			"from": [1.15, 4.5, -0.35],
			"to": [13.35, 4.7, 15.85],
			"rotation": {"angle": 0, "axis": "y", "origin": [8, 10.5, 8]},
			"faces": {
				"north": {"uv": [0, 0, 1, 1], "rotation": 180, "texture": "#1"},
				"east": {"uv": [0, 0, 1, 1], "rotation": 270, "texture": "#1"},
				"south": {"uv": [0, 0, 1, 1], "texture": "#1"},
				"west": {"uv": [0, 0, 1, 1], "rotation": 90, "texture": "#1"},
				"up": {"uv": [3, 0, 13, 16], "rotation": 180, "texture": "#3"},
				"down": {"uv": [1.5, 0, 14, 16], "texture": "#1"}
			}
		},
		{
			"from": [1.4, 6.75, 0.4],
			"to": [13.6, 6.95, 16.6],
			"rotation": {"angle": -22.5, "axis": "y", "origin": [8, 13, 8]},
			"faces": {
				"north": {"uv": [0, 0, 1, 1], "rotation": 180, "texture": "#1"},
				"east": {"uv": [0, 0, 1, 1], "rotation": 270, "texture": "#1"},
				"south": {"uv": [0, 0, 1, 1], "texture": "#1"},
				"west": {"uv": [0, 0, 1, 1], "rotation": 90, "texture": "#1"},
				"up": {"uv": [3, 0, 13, 16], "rotation": 180, "texture": "#3"},
				"down": {"uv": [1.5, 0, 14, 16], "texture": "#1"}
			}
		},
		{
			"from": [1.9, 5, -0.1],
			"to": [14.1, 5.2, 16.1],
			"rotation": {"angle": -22.5, "axis": "y", "origin": [8, 13, 8]},
			"faces": {
				"north": {"uv": [0, 0, 1, 1], "rotation": 180, "texture": "#1"},
				"east": {"uv": [0, 0, 1, 1], "rotation": 270, "texture": "#1"},
				"south": {"uv": [0, 0, 1, 1], "texture": "#1"},
				"west": {"uv": [0, 0, 1, 1], "rotation": 90, "texture": "#1"},
				"up": {"uv": [3, 0, 13, 16], "rotation": 180, "texture": "#3"},
				"down": {"uv": [1.5, 0, 14, 16], "texture": "#1"}
			}
		},
		{
			"from": [1.9, 5.25, 0.9],
			"to": [14.1, 5.45, 17.1],
			"rotation": {"angle": 0, "axis": "y", "origin": [8, 13, 8]},
			"faces": {
				"north": {"uv": [0, 0, 1, 1], "rotation": 180, "texture": "#1"},
				"east": {"uv": [0, 0, 1, 1], "rotation": 270, "texture": "#1"},
				"south": {"uv": [0, 0, 1, 1], "texture": "#1"},
				"west": {"uv": [0, 0, 1, 1], "rotation": 90, "texture": "#1"},
				"up": {"uv": [3, 0, 13, 16], "rotation": 180, "texture": "#3"},
				"down": {"uv": [1.5, 0, 14, 16], "texture": "#1"}
			}
		},
		{
			"from": [1.15, 5.5, 0.9],
			"to": [13.35, 5.7, 17.1],
			"rotation": {"angle": 0, "axis": "y", "origin": [8, 13, 8]},
			"faces": {
				"north": {"uv": [0, 0, 1, 1], "rotation": 180, "texture": "#1"},
				"east": {"uv": [0, 0, 1, 1], "rotation": 270, "texture": "#1"},
				"south": {"uv": [0, 0, 1, 1], "texture": "#1"},
				"west": {"uv": [0, 0, 1, 1], "rotation": 90, "texture": "#1"},
				"up": {"uv": [3, 0, 13, 16], "rotation": 180, "texture": "#3"},
				"down": {"uv": [1.5, 0, 14, 16], "texture": "#1"}
			}
		},
		{
			"from": [1.9, 5.75, 0.9],
			"to": [14.1, 5.95, 17.1],
			"rotation": {"angle": 0, "axis": "y", "origin": [8, 13, 8]},
			"faces": {
				"north": {"uv": [0, 0, 1, 1], "rotation": 180, "texture": "#1"},
				"east": {"uv": [0, 0, 1, 1], "rotation": 270, "texture": "#1"},
				"south": {"uv": [0, 0, 1, 1], "texture": "#1"},
				"west": {"uv": [0, 0, 1, 1], "rotation": 90, "texture": "#1"},
				"up": {"uv": [3, 0, 13, 16], "rotation": 180, "texture": "#3"},
				"down": {"uv": [1.5, 0, 14, 16], "texture": "#1"}
			}
		},
		{
			"from": [0.65, 6.25, 0.9],
			"to": [12.85, 6.45, 17.1],
			"rotation": {"angle": -22.5, "axis": "y", "origin": [8, 13, 8]},
			"faces": {
				"north": {"uv": [0, 0, 1, 1], "rotation": 180, "texture": "#1"},
				"east": {"uv": [0, 0, 1, 1], "rotation": 270, "texture": "#1"},
				"south": {"uv": [0, 0, 1, 1], "texture": "#1"},
				"west": {"uv": [0, 0, 1, 1], "rotation": 90, "texture": "#1"},
				"up": {"uv": [3, 0, 13, 16], "rotation": 180, "texture": "#3"},
				"down": {"uv": [1.5, 0, 14, 16], "texture": "#1"}
			}
		},
		{
			"from": [1.15, 7, -0.35],
			"to": [13.35, 7.2, 15.85],
			"rotation": {"angle": 22.5, "axis": "y", "origin": [8, 13, 8]},
			"faces": {
				"north": {"uv": [0, 0, 1, 1], "rotation": 180, "texture": "#1"},
				"east": {"uv": [0, 0, 1, 1], "rotation": 270, "texture": "#1"},
				"south": {"uv": [0, 0, 1, 1], "texture": "#1"},
				"west": {"uv": [0, 0, 1, 1], "rotation": 90, "texture": "#1"},
				"up": {"uv": [3, 0, 13, 16], "rotation": 180, "texture": "#3"},
				"down": {"uv": [1.5, 0, 14, 16], "texture": "#1"}
			}
		},
		{
			"from": [1.4, 9, 0.4],
			"to": [13.6, 9.2, 16.6],
			"rotation": {"angle": 0, "axis": "y", "origin": [8, 15.25, 8]},
			"faces": {
				"north": {"uv": [0, 0, 1, 1], "rotation": 180, "texture": "#1"},
				"east": {"uv": [0, 0, 1, 1], "rotation": 270, "texture": "#1"},
				"south": {"uv": [0, 0, 1, 1], "texture": "#1"},
				"west": {"uv": [0, 0, 1, 1], "rotation": 90, "texture": "#1"},
				"up": {"uv": [3, 0, 13, 16], "rotation": 180, "texture": "#3"},
				"down": {"uv": [1.5, 0, 14, 16], "texture": "#1"}
			}
		},
		{
			"from": [1.9, 7.25, -0.1],
			"to": [14.1, 7.45, 16.1],
			"rotation": {"angle": 0, "axis": "y", "origin": [8, 15.25, 8]},
			"faces": {
				"north": {"uv": [0, 0, 1, 1], "rotation": 180, "texture": "#1"},
				"east": {"uv": [0, 0, 1, 1], "rotation": 270, "texture": "#1"},
				"south": {"uv": [0, 0, 1, 1], "texture": "#1"},
				"west": {"uv": [0, 0, 1, 1], "rotation": 90, "texture": "#1"},
				"up": {"uv": [3, 0, 13, 16], "rotation": 180, "texture": "#3"},
				"down": {"uv": [1.5, 0, 14, 16], "texture": "#1"}
			}
		},
		{
			"from": [1.9, 7.5, 0.9],
			"to": [14.1, 7.7, 17.1],
			"rotation": {"angle": 22.5, "axis": "y", "origin": [8, 15.25, 8]},
			"faces": {
				"north": {"uv": [0, 0, 1, 1], "rotation": 180, "texture": "#1"},
				"east": {"uv": [0, 0, 1, 1], "rotation": 270, "texture": "#1"},
				"south": {"uv": [0, 0, 1, 1], "texture": "#1"},
				"west": {"uv": [0, 0, 1, 1], "rotation": 90, "texture": "#1"},
				"up": {"uv": [3, 0, 13, 16], "rotation": 180, "texture": "#3"},
				"down": {"uv": [1.5, 0, 14, 16], "texture": "#1"}
			}
		},
		{
			"from": [1.15, 7.75, 0.9],
			"to": [13.35, 7.95, 17.1],
			"rotation": {"angle": 22.5, "axis": "y", "origin": [8, 15.25, 8]},
			"faces": {
				"north": {"uv": [0, 0, 1, 1], "rotation": 180, "texture": "#1"},
				"east": {"uv": [0, 0, 1, 1], "rotation": 270, "texture": "#1"},
				"south": {"uv": [0, 0, 1, 1], "texture": "#1"},
				"west": {"uv": [0, 0, 1, 1], "rotation": 90, "texture": "#1"},
				"up": {"uv": [3, 0, 13, 16], "rotation": 180, "texture": "#3"},
				"down": {"uv": [1.5, 0, 14, 16], "texture": "#1"}
			}
		},
		{
			"from": [1.9, 8, 0.9],
			"to": [14.1, 8.2, 17.1],
			"rotation": {"angle": 22.5, "axis": "y", "origin": [8, 15.25, 8]},
			"faces": {
				"north": {"uv": [0, 0, 1, 1], "rotation": 180, "texture": "#1"},
				"east": {"uv": [0, 0, 1, 1], "rotation": 270, "texture": "#1"},
				"south": {"uv": [0, 0, 1, 1], "texture": "#1"},
				"west": {"uv": [0, 0, 1, 1], "rotation": 90, "texture": "#1"},
				"up": {"uv": [3, 0, 13, 16], "rotation": 180, "texture": "#3"},
				"down": {"uv": [1.5, 0, 14, 16], "texture": "#1"}
			}
		},
		{
			"from": [0.65, 8.5, 0.9],
			"to": [12.85, 8.7, 17.1],
			"rotation": {"angle": 0, "axis": "y", "origin": [8, 15.25, 8]},
			"faces": {
				"north": {"uv": [0, 0, 1, 1], "rotation": 180, "texture": "#1"},
				"east": {"uv": [0, 0, 1, 1], "rotation": 270, "texture": "#1"},
				"south": {"uv": [0, 0, 1, 1], "texture": "#1"},
				"west": {"uv": [0, 0, 1, 1], "rotation": 90, "texture": "#1"},
				"up": {"uv": [3, 0, 13, 16], "rotation": 180, "texture": "#3"},
				"down": {"uv": [1.5, 0, 14, 16], "texture": "#1"}
			}
		},
		{
			"from": [1.15, 9.25, -0.35],
			"to": [13.35, 9.45, 15.85],
			"rotation": {"angle": 45, "axis": "y", "origin": [8, 15.25, 8]},
			"faces": {
				"north": {"uv": [0, 0, 1, 1], "rotation": 180, "texture": "#1"},
				"east": {"uv": [0, 0, 1, 1], "rotation": 270, "texture": "#1"},
				"south": {"uv": [0, 0, 1, 1], "texture": "#1"},
				"west": {"uv": [0, 0, 1, 1], "rotation": 90, "texture": "#1"},
				"up": {"uv": [3, 0, 13, 16], "rotation": 180, "texture": "#3"},
				"down": {"uv": [1.5, 0, 14, 16], "texture": "#1"}
			}
		},
		{
			"from": [1.4, 11.5, 0.4],
			"to": [13.6, 11.7, 16.6],
			"rotation": {"angle": 0, "axis": "y", "origin": [8, 17.75, 8]},
			"faces": {
				"north": {"uv": [0, 0, 1, 1], "rotation": 180, "texture": "#1"},
				"east": {"uv": [0, 0, 1, 1], "rotation": 270, "texture": "#1"},
				"south": {"uv": [0, 0, 1, 1], "texture": "#1"},
				"west": {"uv": [0, 0, 1, 1], "rotation": 90, "texture": "#1"},
				"up": {"uv": [3, 0, 13, 16], "rotation": 180, "texture": "#3"},
				"down": {"uv": [1.5, 0, 14, 16], "texture": "#1"}
			}
		},
		{
			"from": [1.9, 9.75, -0.1],
			"to": [14.1, 9.95, 16.1],
			"rotation": {"angle": 0, "axis": "y", "origin": [8, 17.75, 8]},
			"faces": {
				"north": {"uv": [0, 0, 1, 1], "rotation": 180, "texture": "#1"},
				"east": {"uv": [0, 0, 1, 1], "rotation": 270, "texture": "#1"},
				"south": {"uv": [0, 0, 1, 1], "texture": "#1"},
				"west": {"uv": [0, 0, 1, 1], "rotation": 90, "texture": "#1"},
				"up": {"uv": [3, 0, 13, 16], "rotation": 180, "texture": "#3"},
				"down": {"uv": [1.5, 0, 14, 16], "texture": "#1"}
			}
		},
		{
			"from": [1.9, 10, 0.9],
			"to": [14.1, 10.2, 17.1],
			"rotation": {"angle": 22.5, "axis": "y", "origin": [8, 17.75, 8]},
			"faces": {
				"north": {"uv": [0, 0, 1, 1], "rotation": 180, "texture": "#1"},
				"east": {"uv": [0, 0, 1, 1], "rotation": 270, "texture": "#1"},
				"south": {"uv": [0, 0, 1, 1], "texture": "#1"},
				"west": {"uv": [0, 0, 1, 1], "rotation": 90, "texture": "#1"},
				"up": {"uv": [3, 0, 13, 16], "rotation": 180, "texture": "#3"},
				"down": {"uv": [1.5, 0, 14, 16], "texture": "#1"}
			}
		},
		{
			"from": [1.15, 10.25, 0.9],
			"to": [13.35, 10.45, 17.1],
			"rotation": {"angle": 22.5, "axis": "y", "origin": [8, 17.75, 8]},
			"faces": {
				"north": {"uv": [0, 0, 1, 1], "rotation": 180, "texture": "#1"},
				"east": {"uv": [0, 0, 1, 1], "rotation": 270, "texture": "#1"},
				"south": {"uv": [0, 0, 1, 1], "texture": "#1"},
				"west": {"uv": [0, 0, 1, 1], "rotation": 90, "texture": "#1"},
				"up": {"uv": [3, 0, 13, 16], "rotation": 180, "texture": "#3"},
				"down": {"uv": [1.5, 0, 14, 16], "texture": "#1"}
			}
		},
		{
			"from": [1.9, 10.5, 0.9],
			"to": [14.1, 10.7, 17.1],
			"rotation": {"angle": 22.5, "axis": "y", "origin": [8, 17.75, 8]},
			"faces": {
				"north": {"uv": [0, 0, 1, 1], "rotation": 180, "texture": "#1"},
				"east": {"uv": [0, 0, 1, 1], "rotation": 270, "texture": "#1"},
				"south": {"uv": [0, 0, 1, 1], "texture": "#1"},
				"west": {"uv": [0, 0, 1, 1], "rotation": 90, "texture": "#1"},
				"up": {"uv": [3, 0, 13, 16], "rotation": 180, "texture": "#3"},
				"down": {"uv": [1.5, 0, 14, 16], "texture": "#1"}
			}
		},
		{
			"from": [0.65, 11, 0.9],
			"to": [12.85, 11.2, 17.1],
			"rotation": {"angle": 0, "axis": "y", "origin": [8, 17.75, 8]},
			"faces": {
				"north": {"uv": [0, 0, 1, 1], "rotation": 180, "texture": "#1"},
				"east": {"uv": [0, 0, 1, 1], "rotation": 270, "texture": "#1"},
				"south": {"uv": [0, 0, 1, 1], "texture": "#1"},
				"west": {"uv": [0, 0, 1, 1], "rotation": 90, "texture": "#1"},
				"up": {"uv": [3, 0, 13, 16], "rotation": 180, "texture": "#3"},
				"down": {"uv": [1.5, 0, 14, 16], "texture": "#1"}
			}
		},
		{
			"from": [1.15, 11.75, -0.35],
			"to": [13.35, 11.95, 15.85],
			"rotation": {"angle": 45, "axis": "y", "origin": [8, 17.75, 8]},
			"faces": {
				"north": {"uv": [0, 0, 1, 1], "rotation": 180, "texture": "#1"},
				"east": {"uv": [0, 0, 1, 1], "rotation": 270, "texture": "#1"},
				"south": {"uv": [0, 0, 1, 1], "texture": "#1"},
				"west": {"uv": [0, 0, 1, 1], "rotation": 90, "texture": "#1"},
				"up": {"uv": [3, 0, 13, 16], "rotation": 180, "texture": "#3"},
				"down": {"uv": [1.5, 0, 14, 16], "texture": "#1"}
			}
		}
	],
	"display": {
		"thirdperson_righthand": {
			"rotation": [5, -21, 0],
			"translation": [0, 3, 2.25],
			"scale": [0.37, 0.37, 0.37]
		},
		"thirdperson_lefthand": {
			"rotation": [5, -21, 0],
			"translation": [0, 3, 2.25],
			"scale": [0.37, 0.37, 0.37]
		},
		"firstperson_righthand": {
			"rotation": [0, 180, 0],
			"translation": [-1.5, 3.5, 1.25],
			"scale": [0.44, 0.44, 0.44]
		},
		"firstperson_lefthand": {
			"rotation": [0, 180, 0],
			"translation": [-1.5, 3.5, 1.25],
			"scale": [0.44, 0.44, 0.44]
		},
		"ground": {
			"translation": [-2.25, 4.5, 0],
			"scale": [0.94, 0.94, 0.94]
		},
		"gui": {
			"rotation": [19, 121, 27],
			"scale": [0.65, 0.65, 0.65]
		},
		"head": {
			"translation": [-2, 27.5, -1.75],
			"scale": [2.5, 2.5, 2.5]
		},
		"fixed": {
			"rotation": [-90, 180, 0],
			"translation": [0, 0, -8.25]
		}
	},
	"groups": [
		{
			"name": "lvl1",
			"origin": [8, 8, 8],
			"color": 0,
			"nbt": "{}",
			"children": [0, 1, 2, 3, 4, 5, 6]
		},
		{
			"name": "lvl1",
			"origin": [8, 8, 8],
			"color": 0,
			"nbt": "{}",
			"children": [7, 8, 9, 10, 11, 12, 13]
		},
		{
			"name": "lvl1",
			"origin": [8, 8, 8],
			"color": 0,
			"nbt": "{}",
			"children": [14, 15, 16, 17, 18, 19, 20]
		},
		{
			"name": "lvl1",
			"origin": [8, 8, 8],
			"color": 0,
			"nbt": "{}",
			"children": [21, 22, 23, 24, 25, 26, 27]
		},
		{
			"name": "lvl1",
			"origin": [8, 8, 8],
			"color": 0,
			"nbt": "{}",
			"children": [28, 29, 30, 31, 32, 33, 34]
		}
	]
}