{
	"credit": "Made with Blockbench",
	"texture_size": [32, 32],
	"textures": {
		"0": "./textures/tower",
		"particle": "./textures/tower"
	},
	"elements": [
		{
			"from": [2.75, 0, 3],
			"to": [13, 4, 13],
			"faces": {
				"north": {"uv": [2, 6, 7, 8], "texture": "#0"},
				"east": {"uv": [11, 3, 16, 5], "texture": "#0"},
				"south": {"uv": [6, 7, 11, 9], "texture": "#0"},
				"west": {"uv": [0, 0, 5, 2], "texture": "#0"},
				"up": {"uv": [4, 11, 9, 16], "texture": "#0"},
				"down": {"uv": [9, 9, 14, 14], "texture": "#0"}
			}
		},
		{
			"from": [3.5, 3.75, 3.75],
			"to": [12.25, 6.5, 12.25],
			"faces": {
				"north": {"uv": [10, 6, 15, 8.125], "texture": "#0"},
				"east": {"uv": [1, 7, 6, 9.125], "texture": "#0"},
				"south": {"uv": [0, 1, 5, 3.125], "texture": "#0"},
				"west": {"uv": [8, 9, 13, 11.125], "texture": "#0"},
				"up": {"uv": [1, 10, 6, 15], "texture": "#0"},
				"down": {"uv": [5, 1, 10, 6], "texture": "#0"}
			}
		},
		{
			"from": [5, 5, 4.5],
			"to": [12, 8.75, 11.5],
			"rotation": {"angle": 22.5, "axis": "z", "origin": [8.5, 5.375, 8]},
			"faces": {
				"north": {"uv": [0, 0, 5, 3.125], "texture": "#0"},
				"east": {"uv": [8, 3, 13, 6.125], "texture": "#0"},
				"south": {"uv": [9, 6, 14, 9.125], "texture": "#0"},
				"west": {"uv": [1, 2, 6, 5.125], "texture": "#0"},
				"up": {"uv": [7, 9, 12, 14], "texture": "#0"},
				"down": {"uv": [1, 7, 6, 12], "texture": "#0"}
			}
		},
		{
			"from": [5.0001, 5.7501, 4.5001],
			"to": [8.7499, 9.7499, 11.4999],
			"rotation": {"angle": 22.5, "axis": "z", "origin": [8.5, 5.375, 8]},
			"faces": {
				"north": {"uv": [0, 0, 5, 3.125], "texture": "#0"},
				"east": {"uv": [8, 3, 13, 6.125], "texture": "#0"},
				"south": {"uv": [9, 6, 14, 9.125], "texture": "#0"},
				"west": {"uv": [1, 2, 6, 5.125], "texture": "#0"},
				"up": {"uv": [7, 9, 12, 14], "texture": "#0"},
				"down": {"uv": [1, 7, 6, 12], "texture": "#0"}
			}
		},
		{
			"from": [5.75, 7.75, 5.5],
			"to": [11, 11, 10.5],
			"rotation": {"angle": 22.5, "axis": "z", "origin": [8.5, 5.375, 8]},
			"faces": {
				"north": {"uv": [0, 11, 5.125, 15.125], "texture": "#0"},
				"east": {"uv": [11, 6, 16, 10.125], "texture": "#0"},
				"south": {"uv": [7, 11.875, 12.125, 16], "texture": "#0"},
				"west": {"uv": [9, 0, 14, 4.125], "texture": "#0"},
				"up": {"uv": [6, 3, 11.125, 8], "texture": "#0"},
				"down": {"uv": [1, 6, 6.125, 11], "texture": "#0"}
			}
		},
		{
			"from": [8.5461, 9.79328, 6.25],
			"to": [12.5461, 13.29328, 9.75],
			"rotation": {"angle": 45, "axis": "z", "origin": [8.5, 5.375, 8]},
			"faces": {
				"north": {"uv": [5, 11, 10.25, 16], "texture": "#0"},
				"east": {"uv": [3, 7, 8, 12], "texture": "#0"},
				"south": {"uv": [7, 7, 12.25, 12], "texture": "#0"},
				"west": {"uv": [1, 5, 6, 10], "texture": "#0"},
				"up": {"uv": [5, 1, 10.25, 6], "texture": "#0"},
				"down": {"uv": [10, 3, 15.25, 8], "texture": "#0"}
			}
		},
		{
			"from": [9.2961, 13.29328, 7],
			"to": [11.7961, 15.29328, 9],
			"rotation": {"angle": 45, "axis": "z", "origin": [8.5, 5.375, 8]},
			"faces": {
				"north": {"uv": [10.75, 1, 16, 6], "texture": "#0"},
				"east": {"uv": [5, 10, 10, 15], "texture": "#0"},
				"south": {"uv": [4, 2, 9.25, 7], "texture": "#0"},
				"west": {"uv": [6, 0, 11, 5], "texture": "#0"},
				"up": {"uv": [7, 4, 12.25, 9], "texture": "#0"},
				"down": {"uv": [0, 5, 5.25, 10], "texture": "#0"}
			}
		},
		{
			"from": [9.7961, 15.29328, 7.5],
			"to": [11.2961, 16.29328, 8.5],
			"rotation": {"angle": 45, "axis": "z", "origin": [8.5, 5.375, 8]},
			"faces": {
				"north": {"uv": [14, 14, 16, 16], "texture": "#0"},
				"east": {"uv": [14, 14, 16, 16], "texture": "#0"},
				"south": {"uv": [14, 14, 16, 16], "texture": "#0"},
				"west": {"uv": [14, 14, 16, 16], "texture": "#0"},
				"up": {"uv": [14, 14, 16, 16], "texture": "#0"},
				"down": {"uv": [14, 14, 16, 16], "texture": "#0"}
			}
		}
	],
	"display": {
		"thirdperson_righthand": {
			"rotation": [75, 45, 0],
			"translation": [0, 2.5, 2.5],
			"scale": [0.375, 0.375, 0.375]
		},
		"thirdperson_lefthand": {
			"rotation": [75, 45, 0],
			"translation": [0, 2.5, 2.5],
			"scale": [0.375, 0.375, 0.375]
		},
		"firstperson_righthand": {
			"rotation": [0, -48, 25],
			"translation": [4.13, 3.2, -7.37],
			"scale": [0.68, 0.68, 0.68]
		},
		"firstperson_lefthand": {
			"rotation": [0, -48, 25],
			"translation": [4.13, 3.2, -7.37],
			"scale": [0.68, 0.68, 0.68]
		},
		"ground": {
			"rotation": [35, 22, 57],
			"translation": [0, 3.75, 0],
			"scale": [0.93, 0.93, 0.93]
		},
		"gui": {
			"rotation": [36, -32, 27],
			"translation": [-0.5, 1.5, 0],
			"scale": [0.79, 0.79, 0.79]
		},
		"head": {
			"rotation": [0, 172, 0],
			"translation": [-0.5, 18.25, 0.5],
			"scale": [1.72, 1.72, 1.72]
		},
		"fixed": {
			"rotation": [-90, 180, 0],
			"translation": [-0.35, 0, -23.5],
			"scale": [3.125, 3.2, 3.2]
		}
	}
}